cohort,chi2,df,p
BIDMC,79.33259976772173,33,1.092912414535352e-05
eICU,-68738.77068044234,23071,1.0
