feature_set,model,auc,ci_lo,ci_hi,brier,prauc,delong_p
postop_A,BalancedRF (baseline),0.6757619439868204,0.595262771721743,0.7599972289873755,0.2278946819301233,0.13689716426475035,
postop_A,Firth penalized LR,0.680772926963207,0.6093608167007247,0.7534322455509521,0.0691070577747131,0.13646406846456088,0.8095349246807584
postop_A,Bayesian LR (eICU priors),0.515067270730368,0.43446104884577275,0.5954569094867904,0.27763351752910853,0.07895706314597767,0.0014611847801495603
postop_A,Bayesian LR (weak priors),0.6777182866556838,0.5992356287312692,0.7507572162199867,0.06837290462482942,0.13991448720886934,0.9288824745808424
postop_B,BalancedRF (baseline),0.6583264689730917,0.5679492901729739,0.7509302410655342,0.22814953323283962,0.14234058771304917,
postop_B,Firth penalized LR,0.6448723228995058,0.5618154770938578,0.728807966825775,0.06868431063368935,0.1315511512939923,0.5958863097815539
postop_B,Bayesian LR (eICU priors),0.6533154859967051,0.5725254798393097,0.7344008537225502,0.08761632829411455,0.1218694244132247,0.8827888343595329
postop_B,Bayesian LR (weak priors),0.6379736408566722,0.5527406307964337,0.7222379530071982,0.06855093678065408,0.12878459314777657,0.428263437993615
