wtp,best_strategy,EV_max_NMB,EV_NMB_obs,EV_NMB_aed,EV_NMB_mla,EV_NMB_mlg,p_best_obs,p_best_aed,p_best_mla,p_best_mlg,policy,mapping_sens,mapping_spec
50000,aed,317373.09356711316,314727.509201001,317373.09356711316,317177.35501993133,316245.2731521532,0.0246,0.5428,0.1903,0.2423,universal_aed_defer,0.8542,0.2619
100000,aed,641415.8033188834,637688.7955047578,641415.8033188834,641081.735013126,640648.4867700709,0.0091,0.5383,0.1232,0.3294,universal_aed_defer,0.8542,0.2619
150000,aed,965458.5130706538,960650.0818085145,965458.5130706538,964986.1150063208,965051.7003879885,0.0044,0.5035,0.0811,0.411,universal_aed_defer,0.8542,0.2619
50000,aed,317253.44421810214,314645.35950413626,317253.44421810214,315476.25863290287,315626.3546951507,0.0049,0.865,0.0188,0.1113,observation_defer,0.2292,0.9077
100000,aed,641167.0776697977,637487.776510086,641167.0776697977,638586.7087291214,638859.2519661841,0.0014,0.9069,0.008,0.0837,observation_defer,0.2292,0.9077
150000,aed,965080.7111214931,960330.1935160358,965080.7111214931,961697.1588253399,962092.1492372177,0.0006,0.9326,0.0038,0.063,observation_defer,0.2292,0.9077
50000,aed,317451.21139052307,314808.7828638377,317451.21139052307,317255.7965317643,316321.2341020802,0.0246,0.5421,0.1937,0.2396,ceeg_defer,0.8542,0.2619
100000,aed,641572.8329545027,637852.4745254447,641572.8329545027,641239.5449193321,640803.3602234233,0.0097,0.5357,0.1257,0.3289,ceeg_defer,0.8542,0.2619
150000,aed,965694.4545184826,960896.1661870516,965694.4545184826,965223.2933069001,965285.4863447665,0.0047,0.5041,0.0824,0.4088,ceeg_defer,0.8542,0.2619
