wtp,best_strategy,EV_max_NMB,EV_NMB_obs,EV_NMB_aed,EV_NMB_mla,EV_NMB_mlg,p_best_obs,p_best_aed,p_best_mla,p_best_mlg
50000,aed,317343.224227732,314722.8851553248,317343.224227732,316401.91592831677,316364.0482387634,0.0063,0.7221,0.0708,0.2008
100000,aed,641355.7943176765,637662.1753614483,641355.7943176765,639911.6115308583,640151.370269734,0.0027,0.7621,0.0315,0.2037
150000,aed,965368.364407621,960601.4655675717,965368.364407621,963421.3071333998,963938.6923007044,0.0014,0.7814,0.0141,0.2031
